optimizer,Epochs,BatchSize,Learning Rate,Accuracy,Loss,F1 Score,Samples
SGD,1,16,0.0001,0.458,1.566,0.453,SGD--1--16--0.0001
SGD,1,32,0.0001,0.462,1.558,0.458,SGD--1--32--0.0001
SGD,1,64,0.0001,0.468,1.548,0.462,SGD--1--64--0.0001
SGD,2,16,0.0001,0.502,1.437,0.497,SGD--2--16--0.0001
SGD,2,32,0.0001,0.505,1.43,0.501,SGD--2--32--0.0001
SGD,2,64,0.0001,0.512,1.417,0.505,SGD--2--64--0.0001
SGD,3,16,0.0001,0.537,1.348,0.533,SGD--3--16--0.0001
SGD,3,32,0.0001,0.541,1.341,0.537,SGD--3--32--0.0001
SGD,3,64,0.0001,0.547,1.328,0.541,SGD--3--64--0.0001
SGD,4,16,0.0001,0.56,1.288,0.556,SGD--4--16--0.0001
SGD,4,32,0.0001,0.566,1.276,0.56,SGD--4--32--0.0001
SGD,4,64,0.0001,0.573,1.262,0.564,SGD--4--64--0.0001
SGD,5,16,0.0001,0.586,1.229,0.581,SGD--5--16--0.0001
SGD,5,32,0.0001,0.591,1.217,0.585,SGD--5--32--0.0001
SGD,5,64,0.0001,0.597,1.203,0.59,SGD--5--64--0.0001
SGD,6,16,0.0001,0.608,1.174,0.603,SGD--6--16--0.0001
SGD,6,32,0.0001,0.614,1.161,0.608,SGD--6--32--0.0001
SGD,6,64,0.0001,0.62,1.148,0.611,SGD--6--64--0.0001
SGD,7,16,0.0001,0.621,1.14,0.616,SGD--7--16--0.0001
SGD,7,32,0.0001,0.626,1.129,0.62,SGD--7--32--0.0001
SGD,7,64,0.0001,0.633,1.115,0.625,SGD--7--64--0.0001
SGD,8,16,0.0001,0.644,1.093,0.636,SGD--8--16--0.0001
SGD,8,32,0.0001,0.649,1.081,0.64,SGD--8--32--0.0001
SGD,8,64,0.0001,0.654,1.069,0.645,SGD--8--64--0.0001
SGD,9,16,0.0001,0.662,1.048,0.653,SGD--9--16--0.0001
SGD,9,32,0.0001,0.667,1.036,0.657,SGD--9--32--0.0001
SGD,9,64,0.0001,0.673,1.023,0.663,SGD--9--64--0.0001
SGD,10,16,0.0001,0.68,1.002,0.669,SGD--10--16--0.0001
SGD,10,32,0.0001,0.686,0.991,0.675,SGD--10--32--0.0001
SGD,10,64,0.0001,0.692,0.978,0.681,SGD--10--64--0.0001
SGD,30,16,0.0001,0.748,0.725,0.742,SGD--30--16--0.0001
SGD,30,32,0.0001,0.763,0.68,0.757,SGD--30--32--0.0001
SGD,30,64,0.0001,0.773,0.655,0.767,SGD--30--64--0.0001
SGD,50,16,0.0001,0.784,0.624,0.778,SGD--50--16--0.0001
SGD,50,32,0.0001,0.794,0.598,0.788,SGD--50--32--0.0001
SGD,50,64,0.0001,0.8,0.583,0.793,SGD--50--64--0.0001
SGD,70,16,0.0001,0.811,0.558,0.804,SGD--70--16--0.0001
SGD,70,32,0.0001,0.819,0.53,0.812,SGD--70--32--0.0001
SGD,70,64,0.0001,0.826,0.513,0.819,SGD--70--64--0.0001
SGD,90,16,0.0001,0.835,0.487,0.828,SGD--90--16--0.0001
SGD,90,32,0.0001,0.841,0.466,0.835,SGD--90--32--0.0001
SGD,90,64,0.0001,0.847,0.45,0.84,SGD--90--64--0.0001
SGD,110,16,0.0001,0.852,0.431,0.845,SGD--110--16--0.0001
SGD,110,32,0.0001,0.859,0.415,0.852,SGD--110--32--0.0001
SGD,110,64,0.0001,0.864,0.402,0.857,SGD--110--64--0.0001
SGD,130,16,0.0001,0.87,0.385,0.863,SGD--130--16--0.0001
SGD,130,32,0.0001,0.875,0.372,0.868,SGD--130--32--0.0001
SGD,130,64,0.0001,0.878,0.364,0.872,SGD--130--64--0.0001
SGD,150,16,0.0001,0.884,0.347,0.878,SGD--150--16--0.0001
SGD,150,32,0.0001,0.888,0.337,0.882,SGD--150--32--0.0001
SGD,150,64,0.0001,0.893,0.325,0.887,SGD--150--64--0.0001
SGD,1,16,0.0025,0.466,1.548,0.461,SGD--1--16--0.0025
SGD,1,32,0.0025,0.473,1.537,0.467,SGD--1--32--0.0025
SGD,1,64,0.0025,0.48,1.527,0.473,SGD--1--64--0.0025
SGD,2,16,0.0025,0.509,1.42,0.504,SGD--2--16--0.0025
SGD,2,32,0.0025,0.515,1.408,0.509,SGD--2--32--0.0025
SGD,2,64,0.0025,0.522,1.394,0.514,SGD--2--64--0.0025
SGD,3,16,0.0025,0.545,1.335,0.54,SGD--3--16--0.0025
SGD,3,32,0.0025,0.551,1.323,0.545,SGD--3--32--0.0025
SGD,3,64,0.0025,0.557,1.309,0.55,SGD--3--64--0.0025
SGD,4,16,0.0025,0.571,1.267,0.566,SGD--4--16--0.0025
SGD,4,32,0.0025,0.578,1.254,0.571,SGD--4--32--0.0025
SGD,4,64,0.0025,0.584,1.239,0.576,SGD--4--64--0.0025
SGD,5,16,0.0025,0.597,1.207,0.59,SGD--5--16--0.0025
SGD,5,32,0.0025,0.602,1.193,0.595,SGD--5--32--0.0025
SGD,5,64,0.0025,0.609,1.178,0.6,SGD--5--64--0.0025
SGD,6,16,0.0025,0.622,1.149,0.613,SGD--6--16--0.0025
SGD,6,32,0.0025,0.628,1.135,0.618,SGD--6--32--0.0025
SGD,6,64,0.0025,0.63,1.128,0.626,SGD--6--64--0.0025
SGD,7,16,0.0025,0.64,1.111,0.63,SGD--7--16--0.0025
SGD,7,32,0.0025,0.646,1.096,0.635,SGD--7--32--0.0025
SGD,7,64,0.0025,0.652,1.081,0.64,SGD--7--64--0.0025
SGD,8,16,0.0025,0.663,1.057,0.652,SGD--8--16--0.0025
SGD,8,32,0.0025,0.669,1.043,0.657,SGD--8--32--0.0025
SGD,8,64,0.0025,0.675,1.028,0.663,SGD--8--64--0.0025
SGD,9,16,0.0025,0.685,1.006,0.674,SGD--9--16--0.0025
SGD,9,32,0.0025,0.69,0.991,0.679,SGD--9--32--0.0025
SGD,9,64,0.0025,0.695,0.977,0.684,SGD--9--64--0.0025
SGD,10,16,0.0025,0.703,0.955,0.693,SGD--10--16--0.0025
SGD,10,32,0.0025,0.709,0.941,0.698,SGD--10--32--0.0025
SGD,10,64,0.0025,0.715,0.926,0.703,SGD--10--64--0.0025
SGD,30,16,0.0025,0.796,0.574,0.789,SGD--30--16--0.0025
SGD,30,32,0.0025,0.81,0.533,0.804,SGD--30--32--0.0025
SGD,30,64,0.0025,0.82,0.506,0.814,SGD--30--64--0.0025
SGD,50,16,0.0025,0.827,0.475,0.821,SGD--50--16--0.0025
SGD,50,32,0.0025,0.838,0.446,0.832,SGD--50--32--0.0025
SGD,50,64,0.0025,0.846,0.428,0.84,SGD--50--64--0.0025
SGD,70,16,0.0025,0.853,0.406,0.847,SGD--70--16--0.0025
SGD,70,32,0.0025,0.862,0.38,0.856,SGD--70--32--0.0025
SGD,70,64,0.0025,0.867,0.366,0.861,SGD--70--64--0.0025
SGD,90,16,0.0025,0.874,0.345,0.869,SGD--90--16--0.0025
SGD,90,32,0.0025,0.88,0.326,0.875,SGD--90--32--0.0025
SGD,90,64,0.0025,0.886,0.312,0.88,SGD--90--64--0.0025
SGD,110,16,0.0025,0.893,0.294,0.887,SGD--110--16--0.0025
SGD,110,32,0.0025,0.898,0.281,0.893,SGD--110--32--0.0025
SGD,110,64,0.0025,0.903,0.271,0.898,SGD--110--64--0.0025
SGD,130,16,0.0025,0.907,0.256,0.902,SGD--130--16--0.0025
SGD,130,32,0.0025,0.912,0.245,0.907,SGD--130--32--0.0025
SGD,130,64,0.0025,0.917,0.236,0.912,SGD--130--64--0.0025
SGD,150,16,0.0025,0.922,0.223,0.917,SGD--150--16--0.0025
SGD,150,32,0.0025,0.927,0.213,0.923,SGD--150--32--0.0025
SGD,150,64,0.0025,0.931,0.204,0.927,SGD--150--64--0.0025
SGD,1,16,0.005,0.289,1.944,0.191,SGD--1--16--0.005
SGD,1,32,0.005,0.326,1.828,0.231,SGD--1--32--0.005
SGD,1,64,0.005,0.361,1.729,0.27,SGD--1--64--0.005
SGD,2,16,0.005,0.415,1.546,0.37,SGD--2--16--0.005
SGD,2,32,0.005,0.446,1.452,0.405,SGD--2--32--0.005
SGD,2,64,0.005,0.471,1.371,0.432,SGD--2--64--0.005
SGD,3,16,0.005,0.507,1.224,0.511,SGD--3--16--0.005
SGD,3,32,0.005,0.537,1.147,0.537,SGD--3--32--0.005
SGD,3,64,0.005,0.556,1.08,0.554,SGD--3--64--0.005
SGD,4,16,0.005,0.604,0.975,0.608,SGD--4--16--0.005
SGD,4,32,0.005,0.63,0.916,0.632,SGD--4--32--0.005
SGD,4,64,0.005,0.649,0.868,0.649,SGD--4--64--0.005
SGD,5,16,0.005,0.691,0.764,0.692,SGD--5--16--0.005
SGD,5,32,0.005,0.709,0.721,0.711,SGD--5--32--0.005
SGD,5,64,0.005,0.723,0.684,0.725,SGD--5--64--0.005
SGD,6,16,0.005,0.759,0.582,0.76,SGD--6--16--0.005
SGD,6,32,0.005,0.773,0.548,0.773,SGD--6--32--0.005
SGD,6,64,0.005,0.785,0.519,0.785,SGD--6--64--0.005
SGD,7,16,0.005,0.81,0.43,0.81,SGD--7--16--0.005
SGD,7,32,0.005,0.819,0.407,0.819,SGD--7--32--0.005
SGD,7,64,0.005,0.827,0.387,0.827,SGD--7--64--0.005
SGD,8,16,0.005,0.839,0.355,0.84,SGD--8--16--0.005
SGD,8,32,0.005,0.847,0.336,0.847,SGD--8--32--0.005
SGD,8,64,0.005,0.854,0.32,0.854,SGD--8--64--0.005
SGD,9,16,0.005,0.864,0.294,0.864,SGD--9--16--0.005
SGD,9,32,0.005,0.871,0.278,0.871,SGD--9--32--0.005
SGD,9,64,0.005,0.876,0.264,0.876,SGD--9--64--0.005
SGD,10,16,0.005,0.882,0.245,0.882,SGD--10--16--0.005
SGD,10,32,0.005,0.888,0.232,0.888,SGD--10--32--0.005
SGD,10,64,0.005,0.893,0.221,0.893,SGD--10--64--0.005
SGD,30,16,0.005,0.932,0.122,0.932,SGD--30--16--0.005
SGD,30,32,0.005,0.938,0.109,0.938,SGD--30--32--0.005
SGD,30,64,0.005,0.944,0.099,0.944,SGD--30--64--0.005
SGD,50,16,0.005,0.949,0.085,0.949,SGD--50--16--0.005
SGD,50,32,0.005,0.953,0.077,0.953,SGD--50--32--0.005
SGD,50,64,0.005,0.957,0.071,0.957,SGD--50--64--0.005
SGD,70,16,0.005,0.961,0.062,0.961,SGD--70--16--0.005
SGD,70,32,0.005,0.964,0.056,0.964,SGD--70--32--0.005
SGD,70,64,0.005,0.966,0.052,0.966,SGD--70--64--0.005
SGD,90,16,0.005,0.97,0.045,0.97,SGD--90--16--0.005
SGD,90,32,0.005,0.972,0.041,0.972,SGD--90--32--0.005
SGD,90,64,0.005,0.974,0.038,0.974,SGD--90--64--0.005
SGD,110,16,0.005,0.975,0.033,0.975,SGD--110--16--0.005
SGD,110,32,0.005,0.977,0.03,0.977,SGD--110--32--0.005
SGD,110,64,0.005,0.979,0.027,0.979,SGD--110--64--0.005
SGD,130,16,0.005,0.981,0.023,0.981,SGD--130--16--0.005
SGD,130,32,0.005,0.982,0.02,0.982,SGD--130--32--0.005
SGD,130,64,0.005,0.983,0.018,0.983,SGD--130--64--0.005
SGD,150,16,0.005,0.984,0.015,0.984,SGD--150--16--0.005
SGD,150,32,0.005,0.985,0.013,0.985,SGD--150--32--0.005
SGD,150,64,0.005,0.986,0.011,0.986,SGD--150--64--0.005
SGD,1,16,0.0075,0.096,2.302,0.019,SGD--1--16--0.0075
SGD,1,32,0.0075,0.114,2.301,0.019,SGD--1--32--0.0075
SGD,1,64,0.0075,0.127,2.299,0.021,SGD--1--64--0.0075
SGD,2,16,0.0075,0.113,2.299,0.02,SGD--2--16--0.0075
SGD,2,32,0.0075,0.133,2.296,0.022,SGD--2--32--0.0075
SGD,2,64,0.0075,0.149,2.293,0.025,SGD--2--64--0.0075
SGD,3,16,0.0075,0.143,2.292,0.025,SGD--3--16--0.0075
SGD,3,32,0.0075,0.167,2.288,0.029,SGD--3--32--0.0075
SGD,3,64,0.0075,0.19,2.282,0.033,SGD--3--64--0.0075
SGD,4,16,0.0075,0.193,2.278,0.034,SGD--4--16--0.0075
SGD,4,32,0.0075,0.219,2.271,0.04,SGD--4--32--0.0075
SGD,4,64,0.0075,0.239,2.261,0.044,SGD--4--64--0.0075
SGD,5,16,0.0075,0.247,2.258,0.045,SGD--5--16--0.0075
SGD,5,32,0.0075,0.277,2.245,0.053,SGD--5--32--0.0075
SGD,5,64,0.0075,0.3,2.23,0.059,SGD--5--64--0.0075
SGD,6,16,0.0075,0.317,2.221,0.064,SGD--6--16--0.0075
SGD,6,32,0.0075,0.346,2.203,0.074,SGD--6--32--0.0075
SGD,6,64,0.0075,0.37,2.179,0.082,SGD--6--64--0.0075
SGD,7,16,0.0075,0.386,2.168,0.086,SGD--7--16--0.0075
SGD,7,32,0.0075,0.416,2.141,0.098,SGD--7--32--0.0075
SGD,7,64,0.0075,0.441,2.105,0.11,SGD--7--64--0.0075
SGD,8,16,0.0075,0.461,2.091,0.118,SGD--8--16--0.0075
SGD,8,32,0.0075,0.49,2.055,0.131,SGD--8--32--0.0075
SGD,8,64,0.0075,0.512,2.015,0.143,SGD--8--64--0.0075
SGD,9,16,0.0075,0.528,1.995,0.151,SGD--9--16--0.0075
SGD,9,32,0.0075,0.558,1.956,0.165,SGD--9--32--0.0075
SGD,9,64,0.0075,0.581,1.912,0.178,SGD--9--64--0.0075
SGD,10,16,0.0075,0.598,1.888,0.187,SGD--10--16--0.0075
SGD,10,32,0.0075,0.628,1.844,0.202,SGD--10--32--0.0075
SGD,10,64,0.0075,0.651,1.793,0.216,SGD--10--64--0.0075
SGD,30,16,0.0075,0.798,1.014,0.47,SGD--30--16--0.0075
SGD,30,32,0.0075,0.817,0.939,0.508,SGD--30--32--0.0075
SGD,30,64,0.0075,0.837,0.857,0.547,SGD--30--64--0.0075
SGD,50,16,0.0075,0.877,0.671,0.677,SGD--50--16--0.0075
SGD,50,32,0.0075,0.898,0.578,0.73,SGD--50--32--0.0075
SGD,50,64,0.0075,0.915,0.486,0.776,SGD--50--64--0.0075
SGD,70,16,0.0075,0.943,0.36,0.859,SGD--70--16--0.0075
SGD,70,32,0.0075,0.958,0.29,0.89,SGD--70--32--0.0075
SGD,70,64,0.0075,0.967,0.244,0.913,SGD--70--64--0.0075
SGD,90,16,0.0075,0.984,0.109,0.973,SGD--90--16--0.0075
SGD,90,32,0.0075,0.99,0.071,0.982,SGD--90--32--0.0075
SGD,90,64,0.0075,0.992,0.049,0.986,SGD--90--64--0.0075
SGD,110,16,0.0075,0.995,0.034,0.992,SGD--110--16--0.0075
SGD,110,32,0.0075,0.996,0.025,0.994,SGD--110--32--0.0075
SGD,110,64,0.0075,0.997,0.018,0.995,SGD--110--64--0.0075
SGD,130,16,0.0075,0.998,0.012,0.997,SGD--130--16--0.0075
SGD,130,32,0.0075,0.998,0.009,0.998,SGD--130--32--0.0075
SGD,130,64,0.0075,0.998,0.006,0.998,SGD--130--64--0.0075
SGD,150,16,0.0075,0.999,0.005,0.999,SGD--150--16--0.0075
SGD,150,32,0.0075,0.999,0.004,0.999,SGD--150--32--0.0075
SGD,150,64,0.0075,0.999,0.003,0.999,SGD--150--64--0.0075
SGD,1,16,0.01,0.1,2.302,0.019,SGD--1--16--0.01
SGD,1,32,0.01,0.1,2.302,0.019,SGD--1--32--0.01
SGD,1,64,0.01,0.1,2.302,0.019,SGD--1--64--0.01
SGD,2,16,0.01,0.1,2.302,0.019,SGD--2--16--0.01
SGD,2,32,0.01,0.1,2.302,0.019,SGD--2--32--0.01
SGD,2,64,0.01,0.1,2.302,0.019,SGD--2--64--0.01
SGD,3,16,0.01,0.1,2.302,0.019,SGD--3--16--0.01
SGD,3,32,0.01,0.1,2.302,0.019,SGD--3--32--0.01
SGD,3,64,0.01,0.1,2.302,0.019,SGD--3--64--0.01
SGD,4,16,0.01,0.1,2.302,0.019,SGD--4--16--0.01
SGD,4,32,0.01,0.1,2.302,0.019,SGD--4--32--0.01
SGD,4,64,0.01,0.1,2.302,0.019,SGD--4--64--0.01
SGD,5,16,0.01,0.1,2.302,0.019,SGD--5--16--0.01
SGD,5,32,0.01,0.1,2.302,0.019,SGD--5--32--0.01
SGD,5,64,0.01,0.1,2.302,0.019,SGD--5--64--0.01
SGD,6,16,0.01,0.1,2.302,0.019,SGD--6--16--0.01
SGD,6,32,0.01,0.1,2.302,0.019,SGD--6--32--0.01
SGD,6,64,0.01,0.1,2.302,0.019,SGD--6--64--0.01
SGD,7,16,0.01,0.1,2.302,0.019,SGD--7--16--0.01
SGD,7,32,0.01,0.1,2.302,0.019,SGD--7--32--0.01
SGD,7,64,0.01,0.1,2.302,0.019,SGD--7--64--0.01
SGD,8,16,0.01,0.1,2.302,0.019,SGD--8--16--0.01
SGD,8,32,0.01,0.1,2.302,0.019,SGD--8--32--0.01
SGD,8,64,0.01,0.1,2.302,0.019,SGD--8--64--0.01
SGD,9,16,0.01,0.1,2.302,0.019,SGD--9--16--0.01
SGD,9,32,0.01,0.1,2.302,0.019,SGD--9--32--0.01
SGD,9,64,0.01,0.1,2.302,0.019,SGD--9--64--0.01
SGD,10,16,0.01,0.1,2.302,0.019,SGD--10--16--0.01
SGD,10,32,0.01,0.1,2.302,0.019,SGD--10--32--0.01
SGD,10,64,0.01,0.1,2.302,0.019,SGD--10--64--0.01
SGD,30,16,0.01,0.1,2.302,0.019,SGD--30--16--0.01
SGD,30,32,0.01,0.1,2.302,0.019,SGD--30--32--0.01
SGD,30,64,0.01,0.1,2.302,0.019,SGD--30--64--0.01
SGD,50,16,0.01,0.1,2.302,0.019,SGD--50--16--0.01
SGD,50,32,0.01,0.1,2.302,0.019,SGD--50--32--0.01
SGD,50,64,0.01,0.1,2.302,0.019,SGD--50--64--0.01
SGD,70,16,0.01,0.1,2.302,0.019,SGD--70--16--0.01
SGD,70,32,0.01,0.1,2.302,0.019,SGD--70--32--0.01
SGD,70,64,0.01,0.1,2.302,0.019,SGD--70--64--0.01
SGD,90,16,0.01,0.1,2.302,0.019,SGD--90--16--0.01
SGD,90,32,0.01,0.1,2.302,0.019,SGD--90--32--0.01
SGD,90,64,0.01,0.1,2.302,0.019,SGD--90--64--0.01
SGD,110,16,0.01,0.1,2.302,0.019,SGD--110--16--0.01
SGD,110,32,0.01,0.1,2.302,0.019,SGD--110--32--0.01
SGD,110,64,0.01,0.1,2.302,0.019,SGD--110--64--0.01
SGD,130,16,0.01,0.1,2.302,0.019,SGD--130--16--0.01
SGD,130,32,0.01,0.1,2.302,0.019,SGD--130--32--0.01
SGD,130,64,0.01,0.1,2.302,0.019,SGD--130--64--0.01
SGD,150,16,0.01,0.1,2.302,0.019,SGD--150--16--0.01
SGD,150,32,0.01,0.1,2.302,0.019,SGD--150--32--0.01
SGD,150,64,0.01,0.1,2.302,0.019,SGD--150--64--0.01
Adam,1,16,0.0001,0.253,1.946,0.196,Adam--1--16--0.0001
Adam,1,32,0.0001,0.278,1.92,0.22,Adam--1--32--0.0001
Adam,1,64,0.0001,0.302,1.898,0.244,Adam--1--64--0.0001
Adam,2,16,0.0001,0.327,1.876,0.269,Adam--2--16--0.0001
Adam,2,32,0.0001,0.352,1.853,0.294,Adam--2--32--0.0001
Adam,2,64,0.0001,0.377,1.829,0.319,Adam--2--64--0.0001
Adam,3,16,0.0001,0.402,1.805,0.344,Adam--3--16--0.0001
Adam,3,32,0.0001,0.426,1.78,0.369,Adam--3--32--0.0001
Adam,3,64,0.0001,0.45,1.754,0.394,Adam--3--64--0.0001
Adam,4,16,0.0001,0.474,1.727,0.418,Adam--4--16--0.0001
Adam,4,32,0.0001,0.498,1.7,0.442,Adam--4--32--0.0001
Adam,4,64,0.0001,0.521,1.672,0.466,Adam--4--64--0.0001
Adam,5,16,0.0001,0.544,1.643,0.49,Adam--5--16--0.0001
Adam,5,32,0.0001,0.567,1.614,0.514,Adam--5--32--0.0001
Adam,5,64,0.0001,0.59,1.584,0.538,Adam--5--64--0.0001
Adam,6,16,0.0001,0.612,1.554,0.561,Adam--6--16--0.0001
Adam,6,32,0.0001,0.633,1.523,0.584,Adam--6--32--0.0001
Adam,6,64,0.0001,0.655,1.491,0.607,Adam--6--64--0.0001
Adam,7,16,0.0001,0.676,1.459,0.63,Adam--7--16--0.0001
Adam,7,32,0.0001,0.698,1.425,0.653,Adam--7--32--0.0001
Adam,7,64,0.0001,0.719,1.391,0.675,Adam--7--64--0.0001
Adam,8,16,0.0001,0.74,1.356,0.697,Adam--8--16--0.0001
Adam,8,32,0.0001,0.761,1.32,0.719,Adam--8--32--0.0001
Adam,8,64,0.0001,0.782,1.283,0.741,Adam--8--64--0.0001
Adam,9,16,0.0001,0.802,1.246,0.763,Adam--9--16--0.0001
Adam,9,32,0.0001,0.822,1.208,0.785,Adam--9--32--0.0001
Adam,9,64,0.0001,0.842,1.168,0.806,Adam--9--64--0.0001
Adam,10,16,0.0001,0.862,1.127,0.827,Adam--10--16--0.0001
Adam,10,32,0.0001,0.881,1.084,0.847,Adam--10--32--0.0001
Adam,10,64,0.0001,0.9,1.039,0.867,Adam--10--64--0.0001
Adam,30,16,0.0001,0.938,0.678,0.923,Adam--30--16--0.0001
Adam,30,32,0.0001,0.95,0.568,0.939,Adam--30--32--0.0001
Adam,30,64,0.0001,0.958,0.501,0.949,Adam--30--64--0.0001
Adam,50,16,0.0001,0.967,0.442,0.959,Adam--50--16--0.0001
Adam,50,32,0.0001,0.973,0.395,0.965,Adam--50--32--0.0001
Adam,50,64,0.0001,0.977,0.359,0.969,Adam--50--64--0.0001
Adam,70,16,0.0001,0.984,0.322,0.975,Adam--70--16--0.0001
Adam,70,32,0.0001,0.986,0.304,0.977,Adam--70--32--0.0001
Adam,70,64,0.0001,0.988,0.289,0.978,Adam--70--64--0.0001
Adam,90,16,0.0001,0.99,0.267,0.98,Adam--90--16--0.0001
Adam,90,32,0.0001,0.992,0.254,0.982,Adam--90--32--0.0001
Adam,90,64,0.0001,0.993,0.243,0.983,Adam--90--64--0.0001
Adam,110,16,0.0001,0.994,0.231,0.984,Adam--110--16--0.0001
Adam,110,32,0.0001,0.995,0.222,0.985,Adam--110--32--0.0001
Adam,110,64,0.0001,0.995,0.213,0.985,Adam--110--64--0.0001
Adam,130,16,0.0001,0.996,0.205,0.986,Adam--130--16--0.0001
Adam,130,32,0.0001,0.996,0.198,0.987,Adam--130--32--0.0001
Adam,130,64,0.0001,0.997,0.191,0.987,Adam--130--64--0.0001
Adam,150,16,0.0001,0.997,0.184,0.988,Adam--150--16--0.0001
Adam,150,32,0.0001,0.997,0.178,0.988,Adam--150--32--0.0001
Adam,150,64,0.0001,0.998,0.172,0.989,Adam--150--64--0.0001
Adam,1,16,0.0025,0.256,1.947,0.198,Adam--1--16--0.0025
Adam,1,32,0.0025,0.279,1.92,0.221,Adam--1--32--0.0025
Adam,1,64,0.0025,0.302,1.897,0.244,Adam--1--64--0.0025
Adam,2,16,0.0025,0.326,1.876,0.268,Adam--2--16--0.0025
Adam,2,32,0.0025,0.35,1.854,0.293,Adam--2--32--0.0025
Adam,2,64,0.0025,0.375,1.83,0.318,Adam--2--64--0.0025
Adam,3,16,0.0025,0.399,1.806,0.343,Adam--3--16--0.0025
Adam,3,32,0.0025,0.423,1.781,0.368,Adam--3--32--0.0025
Adam,3,64,0.0025,0.448,1.755,0.393,Adam--3--64--0.0025
Adam,4,16,0.0025,0.472,1.728,0.417,Adam--4--16--0.0025
Adam,4,32,0.0025,0.496,1.701,0.441,Adam--4--32--0.0025
Adam,4,64,0.0025,0.519,1.673,0.465,Adam--4--64--0.0025
Adam,5,16,0.0025,0.542,1.645,0.489,Adam--5--16--0.0025
Adam,5,32,0.0025,0.565,1.616,0.513,Adam--5--32--0.0025
Adam,5,64,0.0025,0.588,1.586,0.537,Adam--5--64--0.0025
Adam,6,16,0.0025,0.61,1.556,0.56,Adam--6--16--0.0025
Adam,6,32,0.0025,0.632,1.525,0.584,Adam--6--32--0.0025
Adam,6,64,0.0025,0.654,1.494,0.607,Adam--6--64--0.0025
Adam,7,16,0.0025,0.675,1.463,0.63,Adam--7--16--0.0025
Adam,7,32,0.0025,0.696,1.431,0.652,Adam--7--32--0.0025
Adam,7,64,0.0025,0.716,1.398,0.673,Adam--7--64--0.0025
Adam,8,16,0.0025,0.736,1.364,0.695,Adam--8--16--0.0025
Adam,8,32,0.0025,0.756,1.329,0.716,Adam--8--32--0.0025
Adam,8,64,0.0025,0.776,1.294,0.737,Adam--8--64--0.0025
Adam,9,16,0.0025,0.796,1.259,0.758,Adam--9--16--0.0025
Adam,9,32,0.0025,0.815,1.223,0.779,Adam--9--32--0.0025
Adam,9,64,0.0025,0.834,1.187,0.8,Adam--9--64--0.0025
Adam,10,16,0.0025,0.853,1.15,0.82,Adam--10--16--0.0025
Adam,10,32,0.0025,0.872,1.113,0.84,Adam--10--32--0.0025
Adam,10,64,0.0025,0.89,1.075,0.86,Adam--10--64--0.0025
Adam,30,16,0.0025,0.946,0.701,0.918,Adam--30--16--0.0025
Adam,30,32,0.0025,0.957,0.588,0.932,Adam--30--32--0.0025
Adam,30,64,0.0025,0.965,0.517,0.941,Adam--30--64--0.0025
Adam,50,16,0.0025,0.973,0.46,0.951,Adam--50--16--0.0025
Adam,50,32,0.0025,0.979,0.411,0.957,Adam--50--32--0.0025
Adam,50,64,0.0025,0.983,0.375,0.962,Adam--50--64--0.0025
Adam,70,16,0.0025,0.986,0.34,0.967,Adam--70--16--0.0025
Adam,70,32,0.0025,0.988,0.319,0.97,Adam--70--32--0.0025
Adam,70,64,0.0025,0.99,0.3,0.972,Adam--70--64--0.0025
Adam,90,16,0.0025,0.992,0.279,0.974,Adam--90--16--0.0025
Adam,90,32,0.0025,0.994,0.261,0.976,Adam--90--32--0.0025
Adam,90,64,0.0025,0.995,0.244,0.978,Adam--90--64--0.0025
Adam,110,16,0.0025,0.996,0.228,0.979,Adam--110--16--0.0025
Adam,110,32,0.0025,0.997,0.213,0.98,Adam--110--32--0.0025
Adam,110,64,0.0025,0.997,0.199,0.982,Adam--110--64--0.0025
Adam,130,16,0.0025,0.998,0.186,0.983,Adam--130--16--0.0025
Adam,130,32,0.0025,0.998,0.173,0.984,Adam--130--32--0.0025
Adam,130,64,0.0025,0.998,0.161,0.985,Adam--130--64--0.0025
Adam,150,16,0.0025,0.998,0.15,0.986,Adam--150--16--0.0025
Adam,150,32,0.0025,0.999,0.139,0.987,Adam--150--32--0.0025
Adam,150,64,0.0025,0.999,0.128,0.988,Adam--150--64--0.0025
Adam,1,16,0.005,0.366,1.719,0.295,Adam--1--16--0.005
Adam,1,32,0.005,0.386,1.697,0.314,Adam--1--32--0.005
Adam,1,64,0.005,0.406,1.674,0.333,Adam--1--64--0.005
Adam,2,16,0.005,0.424,1.653,0.352,Adam--2--16--0.005
Adam,2,32,0.005,0.444,1.63,0.372,Adam--2--32--0.005
Adam,2,64,0.005,0.464,1.607,0.392,Adam--2--64--0.005
Adam,3,16,0.005,0.482,1.584,0.411,Adam--3--16--0.005
Adam,3,32,0.005,0.502,1.559,0.431,Adam--3--32--0.005
Adam,3,64,0.005,0.52,1.533,0.45,Adam--3--64--0.005
Adam,4,16,0.005,0.539,1.508,0.469,Adam--4--16--0.005
Adam,4,32,0.005,0.557,1.48,0.488,Adam--4--32--0.005
Adam,4,64,0.005,0.575,1.452,0.506,Adam--4--64--0.005
Adam,5,16,0.005,0.592,1.423,0.524,Adam--5--16--0.005
Adam,5,32,0.005,0.609,1.393,0.541,Adam--5--32--0.005
Adam,5,64,0.005,0.626,1.362,0.558,Adam--5--64--0.005
Adam,6,16,0.005,0.643,1.33,0.575,Adam--6--16--0.005
Adam,6,32,0.005,0.659,1.296,0.591,Adam--6--32--0.005
Adam,6,64,0.005,0.675,1.261,0.607,Adam--6--64--0.005
Adam,7,16,0.005,0.691,1.224,0.623,Adam--7--16--0.005
Adam,7,32,0.005,0.707,1.185,0.638,Adam--7--32--0.005
Adam,7,64,0.005,0.722,1.144,0.653,Adam--7--64--0.005
Adam,8,16,0.005,0.737,1.102,0.668,Adam--8--16--0.005
Adam,8,32,0.005,0.752,1.058,0.683,Adam--8--32--0.005
Adam,8,64,0.005,0.767,1.013,0.697,Adam--8--64--0.005
Adam,9,16,0.005,0.782,0.967,0.712,Adam--9--16--0.005
Adam,9,32,0.005,0.796,0.919,0.726,Adam--9--32--0.005
Adam,9,64,0.005,0.81,0.871,0.74,Adam--9--64--0.005
Adam,10,16,0.005,0.824,0.822,0.754,Adam--10--16--0.005
Adam,10,32,0.005,0.837,0.774,0.767,Adam--10--32--0.005
Adam,10,64,0.005,0.85,0.726,0.78,Adam--10--64--0.005
Adam,30,16,0.005,0.927,0.352,0.892,Adam--30--16--0.005
Adam,30,32,0.005,0.941,0.286,0.907,Adam--30--32--0.005
Adam,30,64,0.005,0.951,0.246,0.917,Adam--30--64--0.005
Adam,50,16,0.005,0.958,0.209,0.924,Adam--50--16--0.005
Adam,50,32,0.005,0.966,0.182,0.932,Adam--50--32--0.005
Adam,50,64,0.005,0.97,0.167,0.936,Adam--50--64--0.005
Adam,70,16,0.005,0.974,0.152,0.94,Adam--70--16--0.005
Adam,70,32,0.005,0.978,0.138,0.944,Adam--70--32--0.005
Adam,70,64,0.005,0.98,0.127,0.947,Adam--70--64--0.005
Adam,90,16,0.005,0.982,0.115,0.949,Adam--90--16--0.005
Adam,90,32,0.005,0.984,0.105,0.951,Adam--90--32--0.005
Adam,90,64,0.005,0.986,0.095,0.954,Adam--90--64--0.005
Adam,110,16,0.005,0.987,0.088,0.956,Adam--110--16--0.005
Adam,110,32,0.005,0.988,0.081,0.957,Adam--110--32--0.005
Adam,110,64,0.005,0.989,0.075,0.959,Adam--110--64--0.005
Adam,130,16,0.005,0.99,0.07,0.96,Adam--130--16--0.005
Adam,130,32,0.005,0.991,0.065,0.962,Adam--130--32--0.005
Adam,130,64,0.005,0.992,0.06,0.963,Adam--130--64--0.005
Adam,150,16,0.005,0.993,0.056,0.964,Adam--150--16--0.005
Adam,150,32,0.005,0.994,0.052,0.966,Adam--150--32--0.005
Adam,150,64,0.005,0.994,0.049,0.967,Adam--150--64--0.005
Adam,1,16,0.0075,0.288,1.904,0.209,Adam--1--16--0.0075
Adam,1,32,0.0075,0.317,1.865,0.234,Adam--1--32--0.0075
Adam,1,64,0.0075,0.346,1.824,0.259,Adam--1--64--0.0075
Adam,2,16,0.0075,0.374,1.782,0.284,Adam--2--16--0.0075
Adam,2,32,0.0075,0.402,1.736,0.309,Adam--2--32--0.0075
Adam,2,64,0.0075,0.43,1.688,0.334,Adam--2--64--0.0075
Adam,3,16,0.0075,0.456,1.637,0.359,Adam--3--16--0.0075
Adam,3,32,0.0075,0.484,1.585,0.384,Adam--3--32--0.0075
Adam,3,64,0.0075,0.51,1.531,0.409,Adam--3--64--0.0075
Adam,4,16,0.0075,0.537,1.474,0.434,Adam--4--16--0.0075
Adam,4,32,0.0075,0.564,1.417,0.458,Adam--4--32--0.0075
Adam,4,64,0.0075,0.59,1.358,0.482,Adam--4--64--0.0075
Adam,5,16,0.0075,0.617,1.296,0.506,Adam--5--16--0.0075
Adam,5,32,0.0075,0.641,1.235,0.529,Adam--5--32--0.0075
Adam,5,64,0.0075,0.665,1.174,0.552,Adam--5--64--0.0075
Adam,6,16,0.0075,0.69,1.111,0.575,Adam--6--16--0.0075
Adam,6,32,0.0075,0.713,1.052,0.597,Adam--6--32--0.0075
Adam,6,64,0.0075,0.735,0.994,0.619,Adam--6--64--0.0075
Adam,7,16,0.0075,0.757,0.931,0.64,Adam--7--16--0.0075
Adam,7,32,0.0075,0.778,0.871,0.66,Adam--7--32--0.0075
Adam,7,64,0.0075,0.799,0.812,0.679,Adam--7--64--0.0075
Adam,8,16,0.0075,0.82,0.752,0.698,Adam--8--16--0.0075
Adam,8,32,0.0075,0.84,0.695,0.717,Adam--8--32--0.0075
Adam,8,64,0.0075,0.86,0.64,0.735,Adam--8--64--0.0075
Adam,9,16,0.0075,0.88,0.584,0.753,Adam--9--16--0.0075
Adam,9,32,0.0075,0.899,0.531,0.77,Adam--9--32--0.0075
Adam,9,64,0.0075,0.917,0.48,0.787,Adam--9--64--0.0075
Adam,10,16,0.0075,0.935,0.432,0.804,Adam--10--16--0.0075
Adam,10,32,0.0075,0.952,0.384,0.82,Adam--10--32--0.0075
Adam,10,64,0.0075,0.968,0.34,0.835,Adam--10--64--0.0075
Adam,30,16,0.0075,0.988,0.1,0.962,Adam--30--16--0.0075
Adam,30,32,0.0075,0.99,0.089,0.964,Adam--30--32--0.0075
Adam,30,64,0.0075,0.992,0.08,0.967,Adam--30--64--0.0075
Adam,50,16,0.0075,0.994,0.069,0.969,Adam--50--16--0.0075
Adam,50,32,0.0075,0.995,0.063,0.971,Adam--50--32--0.0075
Adam,50,64,0.0075,0.996,0.057,0.973,Adam--50--64--0.0075
Adam,70,16,0.0075,0.996,0.052,0.974,Adam--70--16--0.0075
Adam,70,32,0.0075,0.997,0.047,0.976,Adam--70--32--0.0075
Adam,70,64,0.0075,0.997,0.043,0.977,Adam--70--64--0.0075
Adam,90,16,0.0075,0.997,0.038,0.978,Adam--90--16--0.0075
Adam,90,32,0.0075,0.997,0.035,0.979,Adam--90--32--0.0075
Adam,90,64,0.0075,0.998,0.032,0.98,Adam--90--64--0.0075
Adam,110,16,0.0075,0.998,0.029,0.981,Adam--110--16--0.0075
Adam,110,32,0.0075,0.998,0.026,0.982,Adam--110--32--0.0075
Adam,110,64,0.0075,0.998,0.024,0.982,Adam--110--64--0.0075
Adam,130,16,0.0075,0.998,0.022,0.983,Adam--130--16--0.0075
Adam,130,32,0.0075,0.998,0.02,0.984,Adam--130--32--0.0075
Adam,130,64,0.0075,0.998,0.018,0.985,Adam--130--64--0.0075
Adam,150,16,0.0075,0.998,0.016,0.985,Adam--150--16--0.0075
Adam,150,32,0.0075,0.998,0.015,0.986,Adam--150--32--0.0075
Adam,150,64,0.0075,0.998,0.014,0.987,Adam--150--64--0.0075
Adam,1,16,0.01,0.242,2.138,0.157,Adam--1--16--0.01
Adam,1,32,0.01,0.266,2.082,0.176,Adam--1--32--0.01
Adam,1,64,0.01,0.29,2.024,0.195,Adam--1--64--0.01
Adam,2,16,0.01,0.316,1.976,0.213,Adam--2--16--0.01
Adam,2,32,0.01,0.342,1.917,0.232,Adam--2--32--0.01
Adam,2,64,0.01,0.367,1.854,0.252,Adam--2--64--0.01
Adam,3,16,0.01,0.393,1.796,0.272,Adam--3--16--0.01
Adam,3,32,0.01,0.417,1.734,0.292,Adam--3--32--0.01
Adam,3,64,0.01,0.441,1.669,0.313,Adam--3--64--0.01
Adam,4,16,0.01,0.464,1.602,0.333,Adam--4--16--0.01
Adam,4,32,0.01,0.487,1.535,0.353,Adam--4--32--0.01
Adam,4,64,0.01,0.51,1.465,0.374,Adam--4--64--0.01
Adam,5,16,0.01,0.533,1.389,0.394,Adam--5--16--0.01
Adam,5,32,0.01,0.555,1.319,0.415,Adam--5--32--0.01
Adam,5,64,0.01,0.577,1.246,0.436,Adam--5--64--0.01
Adam,6,16,0.01,0.598,1.166,0.457,Adam--6--16--0.01
Adam,6,32,0.01,0.62,1.089,0.477,Adam--6--32--0.01
Adam,6,64,0.01,0.641,1.011,0.498,Adam--6--64--0.01
Adam,7,16,0.01,0.661,0.933,0.518,Adam--7--16--0.01
Adam,7,32,0.01,0.682,0.853,0.539,Adam--7--32--0.01
Adam,7,64,0.01,0.702,0.774,0.559,Adam--7--64--0.01
Adam,8,16,0.01,0.723,0.695,0.579,Adam--8--16--0.01
Adam,8,32,0.01,0.742,0.623,0.598,Adam--8--32--0.01
Adam,8,64,0.01,0.761,0.55,0.617,Adam--8--64--0.01
Adam,9,16,0.01,0.779,0.481,0.636,Adam--9--16--0.01
Adam,9,32,0.01,0.797,0.411,0.654,Adam--9--32--0.01
Adam,9,64,0.01,0.815,0.343,0.671,Adam--9--64--0.01
Adam,10,16,0.01,0.833,0.277,0.688,Adam--10--16--0.01
Adam,10,32,0.01,0.85,0.214,0.704,Adam--10--32--0.01
Adam,10,64,0.01,0.867,0.153,0.719,Adam--10--64--0.01
Adam,30,16,0.01,0.946,0.045,0.946,Adam--30--16--0.01
Adam,30,32,0.01,0.957,0.032,0.956,Adam--30--32--0.01
Adam,30,64,0.01,0.967,0.023,0.966,Adam--30--64--0.01
Adam,50,16,0.01,0.977,0.018,0.977,Adam--50--16--0.01
Adam,50,32,0.01,0.982,0.013,0.982,Adam--50--32--0.01
Adam,50,64,0.01,0.986,0.01,0.986,Adam--50--64--0.01
Adam,70,16,0.01,0.989,0.008,0.989,Adam--70--16--0.01
Adam,70,32,0.01,0.992,0.006,0.992,Adam--70--32--0.01
Adam,70,64,0.01,0.994,0.004,0.994,Adam--70--64--0.01
Adam,90,16,0.01,0.995,0.004,0.995,Adam--90--16--0.01
Adam,90,32,0.01,0.996,0.003,0.996,Adam--90--32--0.01
Adam,90,64,0.01,0.996,0.003,0.996,Adam--90--64--0.01
Adam,110,16,0.01,0.997,0.002,0.997,Adam--110--16--0.01
Adam,110,32,0.01,0.997,0.002,0.997,Adam--110--32--0.01
Adam,110,64,0.01,0.997,0.002,0.997,Adam--110--64--0.01
Adam,130,16,0.01,0.998,0.002,0.998,Adam--130--16--0.01
Adam,130,32,0.01,0.998,0.001,0.998,Adam--130--32--0.01
Adam,130,64,0.01,0.998,0.001,0.998,Adam--130--64--0.01
Adam,150,16,0.01,0.998,0.001,0.998,Adam--150--16--0.01
Adam,150,32,0.01,0.998,0.001,0.998,Adam--150--32--0.01
Adam,150,64,0.01,0.998,0.001,0.998,Adam--150--64--0.01
RMSprop,1,16,0.0001,0.239,2.142,0.153,RMSprop--1--16--0.0001
RMSprop,1,32,0.0001,0.263,2.086,0.171,RMSprop--1--32--0.0001
RMSprop,1,64,0.0001,0.287,2.03,0.19,RMSprop--1--64--0.0001
RMSprop,2,16,0.0001,0.31,1.979,0.207,RMSprop--2--16--0.0001
RMSprop,2,32,0.0001,0.334,1.922,0.226,RMSprop--2--32--0.0001
RMSprop,2,64,0.0001,0.359,1.862,0.246,RMSprop--2--64--0.0001
RMSprop,3,16,0.0001,0.384,1.802,0.266,RMSprop--3--16--0.0001
RMSprop,3,32,0.0001,0.408,1.738,0.287,RMSprop--3--32--0.0001
RMSprop,3,64,0.0001,0.432,1.673,0.308,RMSprop--3--64--0.0001
RMSprop,4,16,0.0001,0.456,1.607,0.329,RMSprop--4--16--0.0001
RMSprop,4,32,0.0001,0.479,1.541,0.35,RMSprop--4--32--0.0001
RMSprop,4,64,0.0001,0.502,1.472,0.371,RMSprop--4--64--0.0001
RMSprop,5,16,0.0001,0.526,1.398,0.393,RMSprop--5--16--0.0001
RMSprop,5,32,0.0001,0.549,1.328,0.414,RMSprop--5--32--0.0001
RMSprop,5,64,0.0001,0.572,1.256,0.435,RMSprop--5--64--0.0001
RMSprop,6,16,0.0001,0.594,1.182,0.456,RMSprop--6--16--0.0001
RMSprop,6,32,0.0001,0.616,1.105,0.477,RMSprop--6--32--0.0001
RMSprop,6,64,0.0001,0.626,1.075,0.488,RMSprop--6--64--0.0001
RMSprop,7,16,0.0001,0.638,1.028,0.497,RMSprop--7--16--0.0001
RMSprop,7,32,0.0001,0.661,0.951,0.518,RMSprop--7--32--0.0001
RMSprop,7,64,0.0001,0.684,0.874,0.539,RMSprop--7--64--0.0001
RMSprop,8,16,0.0001,0.706,0.8,0.56,RMSprop--8--16--0.0001
RMSprop,8,32,0.0001,0.729,0.727,0.581,RMSprop--8--32--0.0001
RMSprop,8,64,0.0001,0.752,0.654,0.602,RMSprop--8--64--0.0001
RMSprop,9,16,0.0001,0.774,0.585,0.623,RMSprop--9--16--0.0001
RMSprop,9,32,0.0001,0.797,0.514,0.644,RMSprop--9--32--0.0001
RMSprop,9,64,0.0001,0.82,0.444,0.665,RMSprop--9--64--0.0001
RMSprop,10,16,0.0001,0.842,0.325,0.686,RMSprop--10--16--0.0001
RMSprop,10,32,0.0001,0.865,0.251,0.707,RMSprop--10--32--0.0001
RMSprop,10,64,0.0001,0.887,0.179,0.729,RMSprop--10--64--0.0001
RMSprop,30,16,0.0001,0.97,0.069,0.97,RMSprop--30--16--0.0001
RMSprop,30,32,0.0001,0.978,0.046,0.978,RMSprop--30--32--0.0001
RMSprop,30,64,0.0001,0.984,0.031,0.984,RMSprop--30--64--0.0001
RMSprop,50,16,0.0001,0.99,0.024,0.99,RMSprop--50--16--0.0001
RMSprop,50,32,0.0001,0.993,0.016,0.993,RMSprop--50--32--0.0001
RMSprop,50,64,0.0001,0.995,0.012,0.995,RMSprop--50--64--0.0001
RMSprop,70,16,0.0001,0.996,0.009,0.996,RMSprop--70--16--0.0001
RMSprop,70,32,0.0001,0.996,0.009,0.996,RMSprop--70--32--0.0001
RMSprop,70,64,0.0001,0.997,0.007,0.997,RMSprop--70--64--0.0001
RMSprop,90,16,0.0001,0.997,0.005,0.997,RMSprop--90--16--0.0001
RMSprop,90,32,0.0001,0.997,0.004,0.997,RMSprop--90--32--0.0001
RMSprop,90,64,0.0001,0.998,0.003,0.998,RMSprop--90--64--0.0001
RMSprop,110,16,0.0001,0.998,0.003,0.998,RMSprop--110--16--0.0001
RMSprop,110,32,0.0001,0.998,0.002,0.998,RMSprop--110--32--0.0001
RMSprop,110,64,0.0001,0.998,0.002,0.998,RMSprop--110--64--0.0001
RMSprop,130,16,0.0001,0.998,0.001,0.998,RMSprop--130--16--0.0001
RMSprop,130,32,0.0001,0.998,0.001,0.998,RMSprop--130--32--0.0001
RMSprop,130,64,0.0001,0.998,0.001,0.998,RMSprop--130--64--0.0001
RMSprop,150,16,0.0001,0.998,0.001,0.998,RMSprop--150--16--0.0001
RMSprop,150,32,0.0001,0.998,0.001,0.998,RMSprop--150--32--0.0001
RMSprop,150,64,0.0001,0.998,0.001,0.998,RMSprop--150--64--0.0001
RMSprop,1,16,0.0025,0.239,2.152,0.153,RMSprop--1--16--0.0025
RMSprop,1,32,0.0025,0.263,2.097,0.171,RMSprop--1--32--0.0025
RMSprop,1,64,0.0025,0.288,2.041,0.19,RMSprop--1--64--0.0025
RMSprop,2,16,0.0025,0.31,1.992,0.207,RMSprop--2--16--0.0025
RMSprop,2,32,0.0025,0.334,1.937,0.226,RMSprop--2--32--0.0025
RMSprop,2,64,0.0025,0.359,1.879,0.246,RMSprop--2--64--0.0025
RMSprop,3,16,0.0025,0.384,1.819,0.266,RMSprop--3--16--0.0025
RMSprop,3,32,0.0025,0.409,1.755,0.287,RMSprop--3--32--0.0025
RMSprop,3,64,0.0025,0.433,1.69,0.308,RMSprop--3--64--0.0025
RMSprop,4,16,0.0025,0.457,1.624,0.329,RMSprop--4--16--0.0025
RMSprop,4,32,0.0025,0.48,1.558,0.35,RMSprop--4--32--0.0025
RMSprop,4,64,0.0025,0.503,1.488,0.371,RMSprop--4--64--0.0025
RMSprop,5,16,0.0025,0.526,1.414,0.393,RMSprop--5--16--0.0025
RMSprop,5,32,0.0025,0.55,1.344,0.414,RMSprop--5--32--0.0025
RMSprop,5,64,0.0025,0.573,1.272,0.435,RMSprop--5--64--0.0025
RMSprop,6,16,0.0025,0.594,1.206,0.456,RMSprop--6--16--0.0025
RMSprop,6,32,0.0025,0.617,1.129,0.477,RMSprop--6--32--0.0025
RMSprop,6,64,0.0025,0.626,1.103,0.488,RMSprop--6--64--0.0025
RMSprop,7,16,0.0025,0.638,1.028,0.497,RMSprop--7--16--0.0025
RMSprop,7,32,0.0025,0.661,0.951,0.518,RMSprop--7--32--0.0025
RMSprop,7,64,0.0025,0.684,0.874,0.539,RMSprop--7--64--0.0025
RMSprop,8,16,0.0025,0.706,0.8,0.56,RMSprop--8--16--0.0025
RMSprop,8,32,0.0025,0.729,0.727,0.581,RMSprop--8--32--0.0025
RMSprop,8,64,0.0025,0.752,0.654,0.602,RMSprop--8--64--0.0025
RMSprop,9,16,0.0025,0.774,0.585,0.623,RMSprop--9--16--0.0025
RMSprop,9,32,0.0025,0.797,0.514,0.644,RMSprop--9--32--0.0025
RMSprop,9,64,0.0025,0.82,0.444,0.665,RMSprop--9--64--0.0025
RMSprop,10,16,0.0025,0.842,0.325,0.686,RMSprop--10--16--0.0025
RMSprop,10,32,0.0025,0.865,0.251,0.707,RMSprop--10--32--0.0025
RMSprop,10,64,0.0025,0.887,0.179,0.729,RMSprop--10--64--0.0025
RMSprop,30,16,0.0025,0.964,0.1,0.964,RMSprop--30--16--0.0025
RMSprop,30,32,0.0025,0.974,0.075,0.974,RMSprop--30--32--0.0025
RMSprop,30,64,0.0025,0.982,0.053,0.982,RMSprop--30--64--0.0025
RMSprop,50,16,0.0025,0.985,0.044,0.985,RMSprop--50--16--0.0025
RMSprop,50,32,0.0025,0.989,0.032,0.989,RMSprop--50--32--0.0025
RMSprop,50,64,0.0025,0.992,0.023,0.992,RMSprop--50--64--0.0025
RMSprop,70,16,0.0025,0.992,0.02,0.992,RMSprop--70--16--0.0025
RMSprop,70,32,0.0025,0.995,0.012,0.995,RMSprop--70--32--0.0025
RMSprop,70,64,0.0025,0.996,0.008,0.996,RMSprop--70--64--0.0025
RMSprop,90,16,0.0025,0.997,0.006,0.997,RMSprop--90--16--0.0025
RMSprop,90,32,0.0025,0.997,0.005,0.997,RMSprop--90--32--0.0025
RMSprop,90,64,0.0025,0.997,0.004,0.997,RMSprop--90--64--0.0025
RMSprop,110,16,0.0025,0.998,0.003,0.998,RMSprop--110--16--0.0025
RMSprop,110,32,0.0025,0.998,0.002,0.998,RMSprop--110--32--0.0025
RMSprop,110,64,0.0025,0.998,0.002,0.998,RMSprop--110--64--0.0025
RMSprop,130,16,0.0025,0.998,0.001,0.998,RMSprop--130--16--0.0025
RMSprop,130,32,0.0025,0.998,0.001,0.998,RMSprop--130--32--0.0025
RMSprop,130,64,0.0025,0.998,0.001,0.998,RMSprop--130--64--0.0025
RMSprop,150,16,0.0025,0.998,0.001,0.998,RMSprop--150--16--0.0025
RMSprop,150,32,0.0025,0.998,0.001,0.998,RMSprop--150--32--0.0025
RMSprop,150,64,0.0025,0.998,0.001,0.998,RMSprop--150--64--0.0025
RMSprop,1,16,0.005,0.353,1.81,0.159,RMSprop--1--16--0.005
RMSprop,1,32,0.005,0.379,1.658,0.187,RMSprop--1--32--0.005
RMSprop,1,64,0.005,0.402,1.513,0.215,RMSprop--1--64--0.005
RMSprop,2,16,0.005,0.436,1.368,0.25,RMSprop--2--16--0.005
RMSprop,2,32,0.005,0.462,1.235,0.278,RMSprop--2--32--0.005
RMSprop,2,64,0.005,0.488,1.11,0.307,RMSprop--2--64--0.005
RMSprop,3,16,0.005,0.515,0.982,0.354,RMSprop--3--16--0.005
RMSprop,3,32,0.005,0.541,0.862,0.381,RMSprop--3--32--0.005
RMSprop,3,64,0.005,0.567,0.748,0.409,RMSprop--3--64--0.005
RMSprop,4,16,0.005,0.593,0.632,0.454,RMSprop--4--16--0.005
RMSprop,4,32,0.005,0.618,0.531,0.48,RMSprop--4--32--0.005
RMSprop,4,64,0.005,0.643,0.435,0.507,RMSprop--4--64--0.005
RMSprop,5,16,0.005,0.668,0.355,0.548,RMSprop--5--16--0.005
RMSprop,5,32,0.005,0.693,0.281,0.575,RMSprop--5--32--0.005
RMSprop,5,64,0.005,0.719,0.215,0.602,RMSprop--5--64--0.005
RMSprop,6,16,0.005,0.744,0.135,0.63,RMSprop--6--16--0.005
RMSprop,6,32,0.005,0.769,0.102,0.656,RMSprop--6--32--0.005
RMSprop,6,64,0.005,0.794,0.078,0.683,RMSprop--6--64--0.005
RMSprop,7,16,0.005,0.819,0.055,0.71,RMSprop--7--16--0.005
RMSprop,7,32,0.005,0.844,0.039,0.737,RMSprop--7--32--0.005
RMSprop,7,64,0.005,0.854,0.028,0.745,RMSprop--7--64--0.005
RMSprop,8,16,0.005,0.869,0.03,0.763,RMSprop--8--16--0.005
RMSprop,8,32,0.005,0.894,0.023,0.79,RMSprop--8--32--0.005
RMSprop,8,64,0.005,0.919,0.019,0.816,RMSprop--8--64--0.005
RMSprop,9,16,0.005,0.944,0.012,0.842,RMSprop--9--16--0.005
RMSprop,9,32,0.005,0.968,0.007,0.868,RMSprop--9--32--0.005
RMSprop,9,64,0.005,0.99,0.003,0.893,RMSprop--9--64--0.005
RMSprop,10,16,0.005,0.991,0.003,0.894,RMSprop--10--16--0.005
RMSprop,10,32,0.005,0.992,0.002,0.895,RMSprop--10--32--0.005
RMSprop,10,64,0.005,0.993,0.002,0.897,RMSprop--10--64--0.005
RMSprop,30,16,0.005,0.996,0.001,0.997,RMSprop--30--16--0.005
RMSprop,30,32,0.005,0.997,0.001,0.997,RMSprop--30--32--0.005
RMSprop,30,64,0.005,0.997,0.001,0.997,RMSprop--30--64--0.005
RMSprop,50,16,0.005,0.997,0.001,0.997,RMSprop--50--16--0.005
RMSprop,50,32,0.005,0.998,0.001,0.998,RMSprop--50--32--0.005
RMSprop,50,64,0.005,0.998,0.001,0.998,RMSprop--50--64--0.005
RMSprop,70,16,0.005,0.998,0.001,0.998,RMSprop--70--16--0.005
RMSprop,70,32,0.005,0.998,0.001,0.998,RMSprop--70--32--0.005
RMSprop,70,64,0.005,0.998,0.001,0.998,RMSprop--70--64--0.005
RMSprop,90,16,0.005,0.998,0.001,0.998,RMSprop--90--16--0.005
RMSprop,90,32,0.005,0.998,0.001,0.998,RMSprop--90--32--0.005
RMSprop,90,64,0.005,0.998,0.001,0.998,RMSprop--90--64--0.005
RMSprop,110,16,0.005,0.998,0.001,0.998,RMSprop--110--16--0.005
RMSprop,110,32,0.005,0.998,0.001,0.998,RMSprop--110--32--0.005
RMSprop,110,64,0.005,0.998,0.001,0.998,RMSprop--110--64--0.005
RMSprop,130,16,0.005,0.998,0.001,0.998,RMSprop--130--16--0.005
RMSprop,130,32,0.005,0.998,0.001,0.998,RMSprop--130--32--0.005
RMSprop,130,64,0.005,0.998,0.001,0.998,RMSprop--130--64--0.005
RMSprop,150,16,0.005,0.998,0.001,0.998,RMSprop--150--16--0.005
RMSprop,150,32,0.005,0.998,0.001,0.998,RMSprop--150--32--0.005
RMSprop,150,64,0.005,0.998,0.001,0.998,RMSprop--150--64--0.005
RMSprop,1,16,0.0075,0.129,4.841,0.039,RMSprop--1--16--0.0075
RMSprop,1,32,0.0075,0.125,4.865,0.034,RMSprop--1--32--0.0075
RMSprop,1,64,0.0075,0.141,4.767,0.048,RMSprop--1--64--0.0075
RMSprop,2,16,0.0075,0.125,4.862,0.034,RMSprop--2--16--0.0075
RMSprop,2,32,0.0075,0.148,4.674,0.066,RMSprop--2--32--0.0075
RMSprop,2,64,0.0075,0.129,4.841,0.039,RMSprop--2--64--0.0075
RMSprop,3,16,0.0075,0.125,4.865,0.034,RMSprop--3--16--0.0075
RMSprop,3,32,0.0075,0.141,4.767,0.048,RMSprop--3--32--0.0075
RMSprop,3,64,0.0075,0.125,4.862,0.034,RMSprop--3--64--0.0075
RMSprop,4,16,0.0075,0.125,4.865,0.034,RMSprop--4--16--0.0075
RMSprop,4,32,0.0075,0.129,4.841,0.039,RMSprop--4--32--0.0075
RMSprop,4,64,0.0075,0.148,4.674,0.066,RMSprop--4--64--0.0075
RMSprop,5,16,0.0075,0.125,4.865,0.034,RMSprop--5--16--0.0075
RMSprop,5,32,0.0075,0.129,4.841,0.039,RMSprop--5--32--0.0075
RMSprop,5,64,0.0075,0.141,4.767,0.048,RMSprop--5--64--0.0075
RMSprop,6,16,0.0075,0.129,4.841,0.039,RMSprop--6--16--0.0075
RMSprop,6,32,0.0075,0.141,4.767,0.048,RMSprop--6--32--0.0075
RMSprop,6,64,0.0075,0.129,4.841,0.039,RMSprop--6--64--0.0075
RMSprop,7,16,0.0075,0.129,4.841,0.039,RMSprop--7--16--0.0075
RMSprop,7,32,0.0075,0.141,4.841,0.048,RMSprop--7--32--0.0075
RMSprop,7,64,0.0075,0.148,4.674,0.066,RMSprop--7--64--0.0075
RMSprop,8,16,0.0075,0.129,4.841,0.039,RMSprop--8--16--0.0075
RMSprop,8,32,0.0075,0.141,4.767,0.048,RMSprop--8--32--0.0075
RMSprop,8,64,0.0075,0.129,4.841,0.039,RMSprop--8--64--0.0075
RMSprop,9,16,0.0075,0.129,4.841,0.039,RMSprop--9--16--0.0075
RMSprop,9,32,0.0075,0.141,4.767,0.048,RMSprop--9--32--0.0075
RMSprop,9,64,0.0075,0.125,4.865,0.034,RMSprop--9--64--0.0075
RMSprop,10,16,0.0075,0.125,4.865,0.034,RMSprop--10--16--0.0075
RMSprop,10,32,0.0075,0.125,4.865,0.034,RMSprop--10--32--0.0075
RMSprop,10,64,0.0075,0.129,4.841,0.039,RMSprop--10--64--0.0075
RMSprop,30,16,0.0075,0.125,4.865,0.034,RMSprop--30--16--0.0075
RMSprop,30,32,0.0075,0.125,4.865,0.034,RMSprop--30--32--0.0075
RMSprop,30,64,0.0075,0.129,4.841,0.039,RMSprop--30--64--0.0075
RMSprop,50,16,0.0075,0.125,4.865,0.034,RMSprop--50--16--0.0075
RMSprop,50,32,0.0075,0.141,4.767,0.048,RMSprop--50--32--0.0075
RMSprop,50,64,0.0075,0.129,4.841,0.039,RMSprop--50--64--0.0075
RMSprop,70,16,0.0075,0.125,4.865,0.034,RMSprop--70--16--0.0075
RMSprop,70,32,0.0075,0.129,4.841,0.039,RMSprop--70--32--0.0075
RMSprop,70,64,0.0075,0.141,4.767,0.048,RMSprop--70--64--0.0075
RMSprop,90,16,0.0075,0.129,4.841,0.039,RMSprop--90--16--0.0075
RMSprop,90,32,0.0075,0.141,4.767,0.048,RMSprop--90--32--0.0075
RMSprop,90,64,0.0075,0.125,4.865,0.034,RMSprop--90--64--0.0075
RMSprop,110,16,0.0075,0.129,4.841,0.039,RMSprop--110--16--0.0075
RMSprop,110,32,0.0075,0.129,4.841,0.039,RMSprop--110--32--0.0075
RMSprop,110,64,0.0075,0.141,4.767,0.048,RMSprop--110--64--0.0075
RMSprop,130,16,0.0075,0.125,4.865,0.034,RMSprop--130--16--0.0075
RMSprop,130,32,0.0075,0.125,4.865,0.034,RMSprop--130--32--0.0075
RMSprop,130,64,0.0075,0.129,4.841,0.039,RMSprop--130--64--0.0075
RMSprop,150,16,0.0075,0.125,4.865,0.034,RMSprop--150--16--0.0075
RMSprop,150,32,0.0075,0.125,4.865,0.034,RMSprop--150--32--0.0075
RMSprop,150,64,0.0075,0.141,4.767,0.048,RMSprop--150--64--0.0075
RMSprop,1,16,0.01,0.104,5.134,0.011,RMSprop--1--16--0.01
RMSprop,1,32,0.01,0.104,5.134,0.011,RMSprop--1--32--0.01
RMSprop,1,64,0.01,0.107,5.125,0.018,RMSprop--1--64--0.01
RMSprop,2,16,0.01,0.098,5.173,0.005,RMSprop--2--16--0.01
RMSprop,2,32,0.01,0.104,5.134,0.011,RMSprop--2--32--0.01
RMSprop,2,64,0.01,0.1,5.154,0.007,RMSprop--2--64--0.01
RMSprop,3,16,0.01,0.098,5.173,0.005,RMSprop--3--16--0.01
RMSprop,3,32,0.01,0.104,5.134,0.011,RMSprop--3--32--0.01
RMSprop,3,64,0.01,0.107,5.125,0.018,RMSprop--3--64--0.01
RMSprop,4,16,0.01,0.098,5.173,0.005,RMSprop--4--16--0.01
RMSprop,4,32,0.01,0.107,5.125,0.018,RMSprop--4--32--0.01
RMSprop,4,64,0.01,0.104,5.134,0.011,RMSprop--4--64--0.01
RMSprop,5,16,0.01,0.098,5.173,0.005,RMSprop--5--16--0.01
RMSprop,5,32,0.01,0.1,5.154,0.007,RMSprop--5--32--0.01
RMSprop,5,64,0.01,0.104,5.134,0.011,RMSprop--5--64--0.01
RMSprop,6,16,0.01,0.098,5.173,0.005,RMSprop--6--16--0.01
RMSprop,6,32,0.01,0.104,5.134,0.011,RMSprop--6--32--0.01
RMSprop,6,64,0.01,0.1,5.154,0.007,RMSprop--6--64--0.01
RMSprop,7,16,0.01,0.098,5.173,0.005,RMSprop--7--16--0.01
RMSprop,7,32,0.01,0.104,5.134,0.011,RMSprop--7--32--0.01
RMSprop,7,64,0.01,0.1,5.154,0.007,RMSprop--7--64--0.01
RMSprop,8,16,0.01,0.104,5.134,0.011,RMSprop--8--16--0.01
RMSprop,8,32,0.01,0.107,5.125,0.018,RMSprop--8--32--0.01
RMSprop,8,64,0.01,0.107,5.125,0.018,RMSprop--8--64--0.01
RMSprop,9,16,0.01,0.104,5.134,0.011,RMSprop--9--16--0.01
RMSprop,9,32,0.01,0.1,5.154,0.007,RMSprop--9--32--0.01
RMSprop,9,64,0.01,0.104,5.134,0.011,RMSprop--9--64--0.01
RMSprop,10,16,0.01,0.098,5.173,0.005,RMSprop--10--16--0.01
RMSprop,10,32,0.01,0.104,5.134,0.011,RMSprop--10--32--0.01
RMSprop,10,64,0.01,0.104,5.134,0.011,RMSprop--10--64--0.01
RMSprop,30,16,0.01,0.098,5.173,0.005,RMSprop--30--16--0.01
RMSprop,30,32,0.01,0.104,5.134,0.011,RMSprop--30--32--0.01
RMSprop,30,64,0.01,0.104,5.134,0.011,RMSprop--30--64--0.01
RMSprop,50,16,0.01,0.098,5.173,0.005,RMSprop--50--16--0.01
RMSprop,50,32,0.01,0.104,5.134,0.011,RMSprop--50--32--0.01
RMSprop,50,64,0.01,0.107,5.125,0.018,RMSprop--50--64--0.01
RMSprop,70,16,0.01,0.098,5.173,0.005,RMSprop--70--16--0.01
RMSprop,70,32,0.01,0.1,5.154,0.007,RMSprop--70--32--0.01
RMSprop,70,64,0.01,0.107,5.125,0.018,RMSprop--70--64--0.01
RMSprop,90,16,0.01,0.098,5.173,0.005,RMSprop--90--16--0.01
RMSprop,90,32,0.01,0.107,5.125,0.018,RMSprop--90--32--0.01
RMSprop,90,64,0.01,0.107,5.125,0.018,RMSprop--90--64--0.01
RMSprop,110,16,0.01,0.107,5.125,0.018,RMSprop--110--16--0.01
RMSprop,110,32,0.01,0.107,5.125,0.018,RMSprop--110--32--0.01
RMSprop,110,64,0.01,0.107,5.125,0.018,RMSprop--110--64--0.01
RMSprop,130,16,0.01,0.107,5.125,0.018,RMSprop--130--16--0.01
RMSprop,130,32,0.01,0.104,5.134,0.011,RMSprop--130--32--0.01
RMSprop,130,64,0.01,0.107,5.125,0.018,RMSprop--130--64--0.01
RMSprop,150,16,0.01,0.098,5.173,0.005,RMSprop--150--16--0.01
RMSprop,150,32,0.01,0.1,5.154,0.007,RMSprop--150--32--0.01
RMSprop,150,64,0.01,0.107,5.125,0.018,RMSprop--150--64--0.01
